{
  "accuracy": 97.78475189208984,
  "rmse": 21.84384220742341,
  "mae": 19.151506423950195,
  "mape": 1.9526276588439941,
  "r2": 0.35969144105911255,
  "directional_accuracy": 100.0,
  "trend_accuracy": 48.275862068965516,
  "volatility_accuracy": 94.2125473022461
}